|TC|firstName|lastName|dateOfBirth|gender|streetAddress|country|zipCode|city|occupation|hobbies|website|picture|redirect|
|1|Joao|Joao|20 anos|male|abc 123|valor válido|12345678|abc|valor válido|1 seleção|www.google.com|.jpg 5 MB|true|
|2|null|João|20 anos|null|aaaaaaaaaaaaaaaaaaaaaaaaaaaaaaaaaaaaaaaaaaaaaaaaaaaaaaaaaaaaaa|valor válido|12345678|abc|valor válido|null|www.google.com|.mp4|false|
|3|null|Joao|18 anos|male|12345|- please select -|123456789|aaaaaaaaaaaaaaaaaaaaaaaaaaaaaaaaaaaaaaaaaaaaaaaaaaaaaaaaaaaaaa|- please select -|1 seleção|https://www.google.com.br|.jpg 5 MB|false|
|4|null|12345|17 anos|female|abc 123|valor válido|abcd|12345|valor válido|todas seleções|12345|.jpg 100 MB|false|
|5|null|Joao@|hoje|null|null|- please select -|1234567.8|abcd@!|- please select -|null|abcd@!|null|false|
|6|null|aaaaaaaaaaaaaaaaaaaaaaaaaaaaaaaaaaaaaaaaaaaaaaaaaaaaaaaaaaaaaa|ddMMaaaa|male|aa|valor válido|null|null|valor válido|1 seleção|null|.pdf|false|
|7|a|a|70 anos|null|12345|valor válido|1234567.8|null|- please select -|null|www.google.com|null|false|
|8|a|Mi|20 anos|male|abc 123|- please select -|null|a|valor válido|1 seleção|null|.pdf|false|
|9|a|João|18 anos|female|null|valor válido|123|ab|- please select -|null|a|.csv|false|
|10|a|Joao|17 anos|null|aa|- please select -|1234|abc|- please select -|1 seleção|google.com|.mp4|false|
|11|a|12345|hoje|male|abc|valor válido|12345678|null|valor válido|todas seleções|www.google.com|.jpg 5 MB|false|
|12|a|Joao@|ddMMaaaa|female|aaaaaaaaaaaaaaaaaaaaaaaaaaaaaaaaaaaaaaaaaaaaaaaaaaaaaaaaaaaaaa|- please select -|null|a|- please select -|null|https://www.google.com.br|.jpg 100 MB|false|
|13|a|aaaaaaaaaaaaaaaaaaaaaaaaaaaaaaaaaaaaaaaaaaaaaaaaaaaaaaaaaaaaaa|MM/dd/aaaa|null|12345|- please select -|123|ab|valor válido|1 seleção|12345|null|false|
|14|a|Mi|null|male|abc|valor válido|123456789|12345|- please select -|1 seleção|a|.mp4|false|
|15|a|null|71 anos|female|aaaaaaaaaaaaaaaaaaaaaaaaaaaaaaaaaaaaaaaaaaaaaaaaaaaaaaaaaaaaaa|- please select -|abcd|abcd@!|valor válido|todas seleções|google.com|.jpg 5 MB|false|
|16|Mi|Mi|18 anos|null|abc|- please select -|123|abc|valor válido|1 seleção|google.com|null|false|
|17|Mi|João|17 anos|male|aaaaaaaaaaaaaaaaaaaaaaaaaaaaaaaaaaaaaaaaaaaaaaaaaaaaaaaaaaaaaa|- please select -|1234|aaaaaaaaaaaaaaaaaaaaaaaaaaaaaaaaaaaaaaaaaaaaaaaaaaaaaaaaaaaaaa|- please select -|todas seleções|www.google.com|.pdf|false|
|18|Mi|Joao|hoje|female|12345|valor válido|12345678|12345|valor válido|null|null|.csv|false|
|19|Mi|12345|ddMMaaaa|null|null|- please select -|123456789|abcd@!|- please select -|1 seleção|a|.mp4|false|
|20|Mi|Joao@|MM/dd/aaaa|male|aa|valor válido|abcd|null|valor válido|null|google.com|.jpg 5 MB|false|
|21|Mi|aaaaaaaaaaaaaaaaaaaaaaaaaaaaaaaaaaaaaaaaaaaaaaaaaaaaaaaaaaaaaa|null|null|abc|- please select -|1234567.8|a|- please select -|1 seleção|www.google.com|.jpg 100 MB|false|
|22|Mi|null|71 anos|male|aaaaaaaaaaaaaaaaaaaaaaaaaaaaaaaaaaaaaaaaaaaaaaaaaaaaaaaaaaaaaa|valor válido|null|ab|- please select -|todas seleções|https://www.google.com.br|null|false|
|23|Mi|a|null|female|12345|- please select -|123|abc|valor válido|null|12345|.pdf|false|
|24|Mi|Mi|71 anos|null|abc 123|valor válido|1234|null|- please select -|1 seleção|abcd@!|.csv|false|
|25|Mi|null|70 anos|male|null|- please select -|12345678|a|valor válido|todas seleções|null|.mp4|false|
|26|Mi|a|20 anos|female|aa|valor válido|null|ab|- please select -|null|a|.jpg 5 MB|false|
|27|João|João|hoje|null|aa|- please select -|null|abc|- please select -|todas seleções|a|null|false|
|28|João|Joao|ddMMaaaa|male|abc|valor válido|123|null|valor válido|null|google.com|.pdf|false|
|29|João|12345|MM/dd/aaaa|null|aaaaaaaaaaaaaaaaaaaaaaaaaaaaaaaaaaaaaaaaaaaaaaaaaaaaaaaaaaaaaa|- please select -|1234|a|- please select -|1 seleção|www.google.com|.csv|false|
|30|João|Joao@|null|male|12345|valor válido|12345678|ab|valor válido|todas seleções|null|.mp4|false|
|31|João|aaaaaaaaaaaaaaaaaaaaaaaaaaaaaaaaaaaaaaaaaaaaaaaaaaaaaaaaaaaaaa|71 anos|female|abc 123|- please select -|null|abc|- please select -|null|a|.jpg 5 MB|false|
|32|João|null|null|null|null|valor válido|123|aaaaaaaaaaaaaaaaaaaaaaaaaaaaaaaaaaaaaaaaaaaaaaaaaaaaaaaaaaaaaa|valor válido|1 seleção|google.com|.jpg 100 MB|false|
|33|João|a|71 anos|male|aa|- please select -|1234|12345|- please select -|null|www.google.com|null|false|
|34|João|Mi|70 anos|female|abc|- please select -|12345678|abcd@!|valor válido|1 seleção|https://www.google.com.br|.pdf|false|
|35|João|null|20 anos|null|aaaaaaaaaaaaaaaaaaaaaaaaaaaaaaaaaaaaaaaaaaaaaaaaaaaaaaaaaaaaaa|valor válido|123456789|null|- please select -|todas seleções|12345|.csv|false|
|36|João|a|18 anos|male|12345|- please select -|abcd|a|- please select -|null|abcd@!|.mp4|false|
|37|João|Mi|17 anos|female|null|valor válido|1234567.8|ab|valor válido|1 seleção|null|.jpg 5 MB|false|
|38|Joao|Joao|MM/dd/aaaa|male|abc 123|valor válido|1234|abcd@!|- please select -|null|null|null|false|
|39|Joao|12345|null|female|null|- please select -|12345678|null|- please select -|1 seleção|a|.pdf|false|
|40|Joao|Joao@|71 anos|null|aa|- please select -|123456789|a|valor válido|todas seleções|google.com|.csv|false|
|41|Joao|aaaaaaaaaaaaaaaaaaaaaaaaaaaaaaaaaaaaaaaaaaaaaaaaaaaaaaaaaaaaaa|null|male|abc|valor válido|abcd|ab|- please select -|null|www.google.com|.mp4|false|
|42|Joao|null|71 anos|female|aaaaaaaaaaaaaaaaaaaaaaaaaaaaaaaaaaaaaaaaaaaaaaaaaaaaaaaaaaaaaa|- please select -|1234567.8|abc|valor válido|1 seleção|null|.jpg 5 MB|false|
|43|Joao|a|70 anos|null|12345|valor válido|null|null|- please select -|todas seleções|a|.jpg 100 MB|false|
|44|Joao|Mi|20 anos|male|null|- please select -|123|a|valor válido|null|google.com|null|false|
|45|Joao|null|18 anos|female|aa|valor válido|1234|ab|- please select -|1 seleção|www.google.com|.pdf|false|
|46|Joao|a|17 anos|null|abc|- please select -|12345678|abc|valor válido|null|https://www.google.com.br|.csv|false|
|47|Joao|Mi|hoje|male|aaaaaaaaaaaaaaaaaaaaaaaaaaaaaaaaaaaaaaaaaaaaaaaaaaaaaaaaaaaaaa|valor válido|null|aaaaaaaaaaaaaaaaaaaaaaaaaaaaaaaaaaaaaaaaaaaaaaaaaaaaaaaaaaaaaa|- please select -|1 seleção|12345|.mp4|false|
|48|Joao|João|ddMMaaaa|null|12345|- please select -|123|12345|valor válido|todas seleções|abcd@!|.jpg 5 MB|false|
|49|12345|12345|71 anos|male|aaaaaaaaaaaaaaaaaaaaaaaaaaaaaaaaaaaaaaaaaaaaaaaaaaaaaaaaaaaaaa|valor válido|123|ab|valor válido|1 seleção|abcd@!|null|false|
|50|12345|Joao@|null|female|12345|- please select -|1234|abc|- please select -|todas seleções|null|.pdf|false|
|51|12345|aaaaaaaaaaaaaaaaaaaaaaaaaaaaaaaaaaaaaaaaaaaaaaaaaaaaaaaaaaaaaa|71 anos|null|null|valor válido|12345678|aaaaaaaaaaaaaaaaaaaaaaaaaaaaaaaaaaaaaaaaaaaaaaaaaaaaaaaaaaaaaa|valor válido|null|a|.csv|false|
|52|12345|null|70 anos|male|aa|- please select -|null|12345|- please select -|1 seleção|google.com|.mp4|false|
|53|12345|a|20 anos|female|abc|valor válido|123|abcd@!|- please select -|todas seleções|www.google.com|.jpg 5 MB|false|
|54|12345|Mi|18 anos|null|aaaaaaaaaaaaaaaaaaaaaaaaaaaaaaaaaaaaaaaaaaaaaaaaaaaaaaaaaaaaaa|- please select -|1234|null|valor válido|null|null|.jpg 100 MB|false|
|55|12345|null|17 anos|male|12345|valor válido|12345678|a|- please select -|1 seleção|a|null|false|
|56|12345|a|hoje|null|abc 123|- please select -|123456789|ab|valor válido|todas seleções|google.com|.pdf|false|
|57|12345|Mi|ddMMaaaa|male|null|- please select -|abcd|abc|- please select -|null|www.google.com|.csv|false|
|58|12345|João|MM/dd/aaaa|female|aa|valor válido|1234567.8|null|valor válido|1 seleção|https://www.google.com.br|.mp4|false|
|59|12345|Joao|null|null|abc|- please select -|null|a|- please select -|null|12345|.jpg 5 MB|false|
|60|Joao@|Joao@|71 anos|male|abc|- please select -|12345678|ab|- please select -|1 seleção|12345|null|false|
|61|Joao@|aaaaaaaaaaaaaaaaaaaaaaaaaaaaaaaaaaaaaaaaaaaaaaaaaaaaaaaaaaaaaa|70 anos|female|aaaaaaaaaaaaaaaaaaaaaaaaaaaaaaaaaaaaaaaaaaaaaaaaaaaaaaaaaaaaaa|valor válido|123456789|abc|valor válido|null|abcd@!|.pdf|false|
|62|Joao@|null|20 anos|null|12345|- please select -|abcd|null|- please select -|1 seleção|null|.csv|false|
|63|Joao@|a|18 anos|male|abc 123|- please select -|1234567.8|a|valor válido|todas seleções|a|.mp4|false|
|64|Joao@|Mi|17 anos|null|null|valor válido|null|ab|- please select -|null|google.com|.jpg 5 MB|false|
|65|Joao@|null|hoje|male|aa|- please select -|123|abc|valor válido|1 seleção|www.google.com|.jpg 100 MB|false|
|66|Joao@|a|ddMMaaaa|female|abc|valor válido|1234|aaaaaaaaaaaaaaaaaaaaaaaaaaaaaaaaaaaaaaaaaaaaaaaaaaaaaaaaaaaaaa|- please select -|todas seleções|null|null|false|
|67|Joao@|Mi|MM/dd/aaaa|null|aaaaaaaaaaaaaaaaaaaaaaaaaaaaaaaaaaaaaaaaaaaaaaaaaaaaaaaaaaaaaa|- please select -|12345678|12345|- please select -|null|a|.pdf|false|
|68|Joao@|João|null|male|12345|valor válido|null|abcd@!|valor válido|1 seleção|google.com|.csv|false|
|69|Joao@|Joao|71 anos|female|null|- please select -|123|null|- please select -|todas seleções|www.google.com|.mp4|false|
|70|Joao@|12345|null|null|aa|valor válido|1234|a|valor válido|null|https://www.google.com.br|.jpg 5 MB|false|
|71|aaaaaaaaaaaaaaaaaaaaaaaaaaaaaaaaaaaaaaaaaaaaaaaaaaaaaaaaaaaaaa|aaaaaaaaaaaaaaaaaaaaaaaaaaaaaaaaaaaaaaaaaaaaaaaaaaaaaaaaaaaaaa|20 anos|male|null|- please select -|1234|12345|valor válido|todas seleções|https://www.google.com.br|null|false|
|72|aaaaaaaaaaaaaaaaaaaaaaaaaaaaaaaaaaaaaaaaaaaaaaaaaaaaaaaaaaaaaa|null|18 anos|null|aa|valor válido|12345678|abcd@!|- please select -|null|12345|.pdf|false|
|73|aaaaaaaaaaaaaaaaaaaaaaaaaaaaaaaaaaaaaaaaaaaaaaaaaaaaaaaaaaaaaa|a|17 anos|male|abc|- please select -|null|null|valor válido|1 seleção|abcd@!|.csv|false|
|74|aaaaaaaaaaaaaaaaaaaaaaaaaaaaaaaaaaaaaaaaaaaaaaaaaaaaaaaaaaaaaa|Mi|hoje|female|aaaaaaaaaaaaaaaaaaaaaaaaaaaaaaaaaaaaaaaaaaaaaaaaaaaaaaaaaaaaaa|valor válido|123|a|- please select -|null|null|.mp4|false|
|75|aaaaaaaaaaaaaaaaaaaaaaaaaaaaaaaaaaaaaaaaaaaaaaaaaaaaaaaaaaaaaa|null|ddMMaaaa|null|12345|- please select -|1234|ab|valor válido|1 seleção|a|.jpg 5 MB|false|
|76|aaaaaaaaaaaaaaaaaaaaaaaaaaaaaaaaaaaaaaaaaaaaaaaaaaaaaaaaaaaaaa|a|MM/dd/aaaa|male|null|valor válido|12345678|abc|- please select -|todas seleções|google.com|.jpg 100 MB|false|
|77|aaaaaaaaaaaaaaaaaaaaaaaaaaaaaaaaaaaaaaaaaaaaaaaaaaaaaaaaaaaaaa|Mi|null|female|aa|- please select -|123456789|null|valor válido|null|www.google.com|null|false|
|78|aaaaaaaaaaaaaaaaaaaaaaaaaaaaaaaaaaaaaaaaaaaaaaaaaaaaaaaaaaaaaa|João|71 anos|null|abc|valor válido|abcd|a|- please select -|1 seleção|null|.pdf|false|
|79|aaaaaaaaaaaaaaaaaaaaaaaaaaaaaaaaaaaaaaaaaaaaaaaaaaaaaaaaaaaaaa|Joao|null|male|aaaaaaaaaaaaaaaaaaaaaaaaaaaaaaaaaaaaaaaaaaaaaaaaaaaaaaaaaaaaaa|- please select -|1234567.8|ab|valor válido|todas seleções|a|.csv|false|
|80|aaaaaaaaaaaaaaaaaaaaaaaaaaaaaaaaaaaaaaaaaaaaaaaaaaaaaaaaaaaaaa|12345|71 anos|female|12345|- please select -|null|abc|- please select -|null|google.com|.mp4|false|
|81|aaaaaaaaaaaaaaaaaaaaaaaaaaaaaaaaaaaaaaaaaaaaaaaaaaaaaaaaaaaaaa|Joao@|70 anos|null|abc 123|valor válido|123|aaaaaaaaaaaaaaaaaaaaaaaaaaaaaaaaaaaaaaaaaaaaaaaaaaaaaaaaaaaaaa|- please select -|1 seleção|www.google.com|.jpg 5 MB|false|
|82|null|null|17 anos|female|12345|valor válido|123456789|a|valor válido|null|www.google.com|null|false|
|83|null|a|hoje|null|null|- please select -|abcd|ab|- please select -|1 seleção|https://www.google.com.br|.pdf|false|
|84|null|Mi|ddMMaaaa|male|aa|valor válido|1234567.8|abc|- please select -|todas seleções|12345|.csv|false|
|85|null|null|MM/dd/aaaa|female|abc|- please select -|null|aaaaaaaaaaaaaaaaaaaaaaaaaaaaaaaaaaaaaaaaaaaaaaaaaaaaaaaaaaaaaa|valor válido|null|abcd@!|.mp4|false|
|86|null|Mi|71 anos|male|12345|valor válido|1234|abcd@!|valor válido|null|a|.jpg 100 MB|false|
|87|null|João|null|female|abc 123|- please select -|12345678|null|- please select -|1 seleção|google.com|null|false|
|88|null|12345|70 anos|male|aa|- please select -|123|ab|- please select -|null|null|.csv|false|
|89|null|Joao@|20 anos|null|abc|valor válido|1234|abc|valor válido|1 seleção|a|.mp4|false|
|90|null|aaaaaaaaaaaaaaaaaaaaaaaaaaaaaaaaaaaaaaaaaaaaaaaaaaaaaaaaaaaaaa|18 anos|male|aaaaaaaaaaaaaaaaaaaaaaaaaaaaaaaaaaaaaaaaaaaaaaaaaaaaaaaaaaaaaa|- please select -|12345678|null|- please select -|todas seleções|google.com|.jpg 5 MB|false|
|91|a|a|ddMMaaaa|female|aaaaaaaaaaaaaaaaaaaaaaaaaaaaaaaaaaaaaaaaaaaaaaaaaaaaaaaaaaaaaa|valor válido|12345678|a|- please select -|1 seleção|google.com|null|false|
|92|a|null|null|male|abc 123|valor válido|123|abc|- please select -|null|https://www.google.com.br|.csv|false|
|93|a|a|71 anos|female|null|- please select -|1234|null|valor válido|1 seleção|12345|.mp4|false|
|94|a|Mi|null|null|aa|valor válido|12345678|a|- please select -|todas seleções|abcd@!|.jpg 5 MB|false|
|95|a|João|71 anos|male|abc|- please select -|123456789|ab|- please select -|null|null|.jpg 100 MB|false|
|96|a|Joao|70 anos|null|aaaaaaaaaaaaaaaaaaaaaaaaaaaaaaaaaaaaaaaaaaaaaaaaaaaaaaaaaaaaaa|valor válido|abcd|abc|valor válido|1 seleção|a|null|false|
|97|a|12345|20 anos|male|12345|- please select -|1234567.8|aaaaaaaaaaaaaaaaaaaaaaaaaaaaaaaaaaaaaaaaaaaaaaaaaaaaaaaaaaaaaa|- please select -|null|google.com|.pdf|false|
|98|a|Joao@|18 anos|female|null|valor válido|null|12345|valor válido|1 seleção|www.google.com|.csv|false|
|99|a|aaaaaaaaaaaaaaaaaaaaaaaaaaaaaaaaaaaaaaaaaaaaaaaaaaaaaaaaaaaaaa|17 anos|null|aa|- please select -|123|abcd@!|- please select -|todas seleções|null|.mp4|false|
|100|a|null|hoje|male|abc|- please select -|1234|null|valor válido|null|a|.jpg 5 MB|false|
|101|Mi|Mi|null|female|aa|- please select -|abcd|aaaaaaaaaaaaaaaaaaaaaaaaaaaaaaaaaaaaaaaaaaaaaaaaaaaaaaaaaaaaaa|valor válido|todas seleções|a|null|false|
|102|Mi|null|71 anos|null|abc|valor válido|1234567.8|12345|- please select -|null|google.com|.pdf|false|
|103|Mi|a|null|male|aaaaaaaaaaaaaaaaaaaaaaaaaaaaaaaaaaaaaaaaaaaaaaaaaaaaaaaaaaaaaa|- please select -|null|abcd@!|valor válido|1 seleção|www.google.com|.csv|false|
|104|Mi|Mi|71 anos|null|12345|valor válido|123|null|- please select -|todas seleções|https://www.google.com.br|.mp4|false|
|105|Mi|João|70 anos|male|null|- please select -|1234|a|valor válido|null|12345|.jpg 5 MB|false|
|106|Mi|Joao|20 anos|female|aa|- please select -|12345678|ab|- please select -|1 seleção|abcd@!|.jpg 100 MB|false|
|107|Mi|12345|18 anos|null|abc|valor válido|null|abc|valor válido|todas seleções|null|null|false|
|108|Mi|Joao@|17 anos|male|aaaaaaaaaaaaaaaaaaaaaaaaaaaaaaaaaaaaaaaaaaaaaaaaaaaaaaaaaaaaaa|- please select -|123|null|- please select -|null|a|.pdf|false|
|109|Mi|aaaaaaaaaaaaaaaaaaaaaaaaaaaaaaaaaaaaaaaaaaaaaaaaaaaaaaaaaaaaaa|hoje|female|12345|valor válido|1234|a|- please select -|1 seleção|google.com|.csv|false|
|110|Mi|null|ddMMaaaa|null|abc 123|- please select -|12345678|ab|valor válido|null|www.google.com|.mp4|false|
|111|Mi|a|MM/dd/aaaa|male|null|valor válido|123456789|abc|- please select -|1 seleção|null|.jpg 5 MB|false|
